Band,Real,Fake,Diff (Fake-Real)
Low (<20%),9.280501,9.692094,0.4116
Mid (20–60%),6.994952,7.540285,0.5453
High (>60%),5.9416065,6.4411836,0.4996
